category,description,manufacturer,model_or_sku,quantity,status,purchase_state,source,notes
drivetrain,12V 70:1 37D gearmotor with quadrature encoder,Pololu,4754,2,selected P1.1 baseline,HOLD,https://www.pololu.com/product/4754,"150 RPM; 5.5 A stall; final release requires driver power and CAD checks"
drivetrain,90x10mm silicone wheel pair,Pololu,1435,1 pair,mechanical candidate,HOLD,https://www.pololu.com/product/1435,"Candidate only; 100 mm remains the sizing baseline until traction and clearance are validated"
drivetrain,universal aluminum hub pair for 6mm shaft with M3 holes,Pololu,1999,1 pair,paired wheel candidate,HOLD,https://www.pololu.com/product/1999,"Required only if wheel 1435 passes the mechanical review"
drivetrain,machined aluminum bracket for 37D gearmotor,Pololu,1995,2,mount candidate,HOLD,https://www.pololu.com/product/1995,"Compare with a printed or custom chassis-integrated mount during CAD"
drive electronics,dual brushed DC driver with current sense,Pololu,2507,1,selected P1.2 baseline,HOLD,https://www.pololu.com/product/2507,"VNH5019; 12 A/channel continuous; no hardware 5.5 A motor current limit; requires fault firmware and bench tests"
drive electronics,dual brushed DC driver alternative,Cytron,MDD10A,1,alternative,HOLD,https://my.cytron.io/education-motor-driver,"No reverse-polarity protection or onboard per-channel current sense in this comparison"
drive electronics,dual G2 18v18 Raspberry Pi form factor alternative,Pololu,3751,1,alternative,HOLD,https://www.pololu.com/product/3751,"50 A default current limit too high for selected 5.5 A-stall motors"
power,battery pack and BMS,TBD,TBD,1,requirements pending,HOLD,,"12 V nominal motor architecture; full voltage range and peak current depend on chosen chemistry and loads"
power,DC-rated fuse switch and E-stop chain,TBD,TBD,1,requirements pending,HOLD,,"Ratings require pack BMS wiring and short-circuit coordination"
power,logic DC/DC regulator,TBD,TBD,1,requirements pending,HOLD,,"Independent protected branch; size after SBC LiDAR and camera loads are known"
control,STM32G431RB Nucleo-64 development board,STMicroelectronics,NUCLEO-G431RB,1,selected P1.3 development baseline,HOLD,https://www.st.com/en/evaluation-tools/nucleo-g431rb.html,"Bench controller only; final onboard PCB and connector still TBD"
control,5V-tolerant Schmitt encoder interface candidate,Texas Instruments,SN74LVC14A,1,signal-conditioning candidate,HOLD,https://www.ti.com/product/SN74LVC14A,"Four of six inverters for both A/B encoder channels; verify footprint and power sequencing"
